INDEX_NAME,RETRIEVER_TYPE,RANKER_TYPE,NUM_EXPANSAO,EXPANSOR_CRITERIA,NDCG@5_count,NDCG@5_mean,NDCG@5_median,NDCG@10_count,NDCG@10_mean,NDCG@10_median,NDCG@15_count,NDCG@15_mean,NDCG@15_median,NDCG@20_count,NDCG@20_mean,NDCG@20_median,PRECISION@50_count,PRECISION@50_mean,PRECISION@50_median,RECALL@50_count,RECALL@50_mean,RECALL@50_median,PRECISION@100_count,PRECISION@100_mean,PRECISION@100_median,RECALL@100_count,RECALL@100_mean,RECALL@100_median
indir_juris_tcu_term,bm25,MINILM_INDIR_400,9,join_30_minilm_indir,150,52.17273333333333,58.730000000000004,150,48.871066666666664,55.515,150,51.785333333333334,57.86,150,53.858333333333334,61.945,150,12.666666666666666,12.0,150,74.30413333333334,80.0,150,7.1466666666666665,8.0,150,83.44343333333333,90.0
indir_juris_tcu_term,bm25,MINILM_INDIR_400,8,join_30_minilm_indir,150,52.6822,59.315,150,49.08846666666666,54.545,150,51.8804,58.485,150,53.99726666666667,61.85,150,12.76,13.0,150,74.81204000000001,81.818,150,7.153333333333333,8.0,150,83.53048,90.0
indir_juris_tcu,bm25,MINILM_INDIR_400,0,none,150,46.22873333333334,50.26,150,43.83166666666666,48.35,150,47.09713333333333,50.595,150,49.7076,53.955,150,12.333333333333334,14.0,150,71.72337999999999,73.8635,150,7.16,8.0,150,83.14647333333333,90.0
indir_juris_tcu_synonym,bm25,none,1,join_30_minilm_indir,150,54.74786666666667,60.07,150,52.1494,58.155,150,54.62553333333333,58.235,150,57.21993333333333,62.224999999999994,150,12.906666666666666,14.0,150,75.61512666666667,81.818,150,7.16,8.0,150,83.21070666666667,100.0
indir_juris_tcu_term,bm25,none,4,join_30_minilm_indir,150,53.88613333333333,57.825,150,50.681466666666665,56.025,150,53.29793333333333,57.565,150,55.53326666666666,58.975,150,12.266666666666667,12.0,150,72.88788000000001,80.0,150,7.16,8.0,150,83.98237333333333,90.4545
indir_juris_tcu_synonym,bm25,PTT5_INDIR_83,4,join_30_ptt5_indir,150,53.51186666666666,60.695,150,50.77366666666667,55.93,150,53.904066666666665,59.835,150,56.41673333333333,63.41,150,12.946666666666667,14.0,150,76.13186666666667,88.889,150,7.166666666666667,8.0,150,84.28573333333334,100.0
indir_juris_tcu_synonym,bm25,PTT5_INDIR_83,3,join_30_ptt5_indir,150,53.796933333333335,59.765,150,50.83566666666667,56.43,150,54.13073333333333,58.78,150,56.93066666666667,62.845,150,13.026666666666667,14.0,150,76.64292666666667,90.0,150,7.173333333333333,8.0,150,84.34571333333334,100.0
indir_juris_tcu_synonym_related_term,bm25,PTT5_INDIR_83,1,join_30_ptt5_indir,150,51.29173333333333,50.87,150,48.953066666666665,49.99,150,52.40633333333333,54.355000000000004,150,55.67393333333334,57.03,150,12.88,14.0,150,75.74502666666667,80.0,150,7.1866666666666665,8.0,150,83.69408666666666,90.909
indir_juris_tcu,bm25,PTT5_INDIR_83,6,join_30_ptt5_indir,150,63.757400000000004,70.08500000000001,150,59.61986666666667,65.0,150,62.120066666666666,67.935,150,65.28446666666667,70.655,150,13.746666666666666,16.0,150,80.10541333333333,89.4445,150,7.24,8.0,150,84.42563333333332,91.667
indir_juris_tcu_synonym,bm25,PTT5_INDIR_83,2,join_30_ptt5_indir,150,54.397933333333334,59.894999999999996,150,51.6222,55.585,150,54.75566666666667,59.195,150,57.636466666666664,62.85,150,13.16,14.0,150,77.83840000000001,90.0,150,7.24,8.0,150,85.06351333333333,100.0
indir_juris_tcu_term,bm25,MINILM_INDIR_400,7,join_30_minilm_indir,150,52.38706666666667,58.290000000000006,150,48.870066666666666,54.545,150,51.714866666666666,57.835,150,53.89653333333333,60.254999999999995,150,12.813333333333333,13.0,150,74.83442666666667,80.90899999999999,150,7.26,8.0,150,84.62588666666666,90.0
indir_juris_tcu_term,bm25,none,3,join_30_minilm_indir,150,53.809599999999996,58.19,150,50.53006666666667,55.315,150,53.632266666666666,57.775000000000006,150,56.395333333333326,59.795,150,12.64,12.0,150,74.73237333333333,84.5235,150,7.266666666666667,8.0,150,84.93265333333333,100.0
indir_juris_tcu_term,bm25,none,2,join_30_minilm_indir,150,54.90586666666666,59.015,150,51.8354,56.045,150,54.40046666666667,57.43,150,57.64373333333333,62.335,150,13.013333333333334,14.0,150,76.74527333333333,87.5,150,7.286666666666667,8.0,150,84.90565333333333,100.0
indir_juris_tcu_term,bm25,MINILM_INDIR_400,1,join_30_minilm_indir,150,51.29293333333334,59.595,150,48.103,54.235,150,50.897666666666666,55.21,150,53.303333333333335,58.265,150,12.88,14.0,150,73.83216666666667,80.0,150,7.293333333333333,8.0,150,84.63494666666666,90.0
indir_juris_tcu,bm25,PTT5_INDIR_83,7,join_30_ptt5_indir,150,63.78613333333333,68.85,150,59.75926666666666,64.45,150,62.47226666666667,67.935,150,65.14426666666667,70.495,150,13.786666666666667,16.0,150,80.64068,89.4445,150,7.293333333333333,8.0,150,85.20325333333334,95.8335
indir_juris_tcu_term,bm25,none,1,join_30_minilm_indir,150,56.88446666666667,62.465,150,53.3182,57.195,150,56.1828,60.144999999999996,150,59.08373333333333,63.0,150,13.333333333333334,15.0,150,78.11265999999999,90.0,150,7.306666666666667,8.0,150,85.18626,100.0
indir_juris_tcu_term,bm25,MINILM_INDIR_400,5,join_30_minilm_indir,150,52.82986666666666,59.474999999999994,150,49.450466666666664,55.99,150,52.339866666666666,57.965,150,54.81493333333333,61.32,150,12.88,14.0,150,75.69188666666666,80.0,150,7.306666666666667,8.0,150,84.80585333333333,90.0
indir_juris_tcu_term,bm25,MINILM_INDIR_400,4,join_30_minilm_indir,150,53.3562,56.14,150,50.2958,55.235,150,52.864466666666665,57.625,150,55.223866666666666,60.33,150,12.813333333333333,14.0,150,74.70084,80.0,150,7.306666666666667,8.0,150,84.78173333333334,90.0
indir_juris_tcu_term,bm25,MINILM_INDIR_400,3,join_30_minilm_indir,150,52.2408,57.8,150,49.1436,54.97,150,51.996066666666664,56.815,150,54.03866666666667,60.49,150,12.626666666666667,14.0,150,73.90270000000001,80.0,150,7.306666666666667,8.0,150,84.91438,90.0
indir_juris_tcu,bm25,PTT5_INDIR_83,10,join_30_ptt5_indir,150,64.6118,70.08500000000001,150,59.62733333333333,65.245,150,62.64393333333334,66.87,150,65.60733333333333,70.11,150,13.733333333333333,14.0,150,80.45693333333334,90.0,150,7.32,8.0,150,85.55174000000001,100.0
indir_juris_tcu_term,bm25,MINILM_INDIR_400,6,join_30_minilm_indir,150,53.6124,61.94,150,49.65633333333333,54.715,150,52.144866666666665,57.88,150,54.830133333333336,61.57,150,12.973333333333333,13.0,150,76.28713333333333,80.0,150,7.32,8.0,150,85.39406,90.0
indir_juris_tcu,bm25,PTT5_INDIR_83,8,join_30_ptt5_indir,150,64.14126666666667,70.64,150,59.73846666666667,65.25999999999999,150,62.71286666666667,67.31,150,65.49153333333334,70.015,150,13.853333333333333,16.0,150,81.08208666666667,90.0,150,7.333333333333333,8.0,150,85.70274666666667,100.0
indir_juris_tcu,bm25,PTT5_INDIR_83,9,join_30_ptt5_indir,150,64.55193333333334,70.08500000000001,150,59.74066666666667,65.245,150,62.83893333333334,66.87,150,65.75833333333334,70.11,150,13.773333333333333,14.0,150,80.64481333333333,90.0,150,7.346666666666667,8.0,150,85.81234666666667,100.0
indir_juris_tcu_term,bm25,MINILM_INDIR_400,2,join_30_minilm_indir,150,52.599133333333334,60.18,150,49.06986666666666,54.565,150,51.63133333333333,57.315,150,54.485533333333336,59.485,150,13.013333333333334,14.0,150,75.20692,80.0,150,7.36,8.0,150,85.08401333333335,90.0
indir_juris_tcu_synonym,bm25,none,0,none,150,58.33226666666667,64.32499999999999,150,55.23866666666666,62.415,150,57.71713333333333,63.620000000000005,150,60.34513333333334,65.415,150,13.533333333333333,16.0,150,79.13642666666667,88.889,150,7.373333333333333,8.0,150,85.8228,90.909
indir_juris_tcu_term,bm25,none,0,none,150,59.0108,63.605000000000004,150,55.70706666666666,60.31,150,58.925466666666665,63.835,150,61.78533333333333,65.25999999999999,150,13.533333333333333,15.0,150,79.38658,90.0,150,7.373333333333333,8.0,150,85.73838666666667,100.0
indir_juris_tcu,bm25,PTT5_INDIR_83,5,join_30_ptt5_indir,150,64.52426666666666,71.055,150,59.70953333333333,66.41499999999999,150,63.18786666666667,67.5,150,65.41673333333334,71.19,150,13.906666666666666,16.0,150,81.11490666666667,90.0,150,7.38,8.0,150,86.02856666666666,100.0
indir_juris_tcu_related_term,bm25,PTT5_INDIR_83,1,join_30_ptt5_indir,150,54.27366666666667,57.775,150,52.17093333333334,55.315,150,54.97366666666666,58.915,150,57.8094,59.95,150,13.426666666666666,14.0,150,79.13878666666666,89.4445,150,7.4,8.0,150,85.97888,100.0
indir_juris_tcu_term,bm25,MINILM_INDIR_400,0,none,150,51.6556,55.31,150,49.24593333333333,54.334999999999994,150,51.426066666666664,54.34,150,54.30886666666667,58.2,150,13.213333333333333,14.0,150,76.21168,80.0,150,7.406666666666666,8.0,150,85.77445333333333,90.909
indir_juris_tcu_synonym,bm25,PTT5_INDIR_83,1,join_30_ptt5_indir,150,55.3026,61.605000000000004,150,52.403400000000005,56.25,150,56.07580000000001,60.8,150,58.83326666666667,63.135000000000005,150,13.4,14.0,150,78.63213333333333,90.0,150,7.406666666666666,8.0,150,86.54222666666668,100.0
indir_juris_tcu,bm25,PTT5_INDIR_83,3,join_30_ptt5_indir,150,65.37126666666667,70.98,150,60.98933333333333,66.4,150,63.59373333333333,67.755,150,66.4982,70.46000000000001,150,14.026666666666667,16.0,150,82.52412,90.0,150,7.413333333333333,8.0,150,86.67895333333334,100.0
indir_juris_tcu,bm25,PTT5_INDIR_83,4,join_30_ptt5_indir,150,65.20213333333334,71.06,150,60.844,66.525,150,63.56286666666667,66.12,150,65.84553333333334,69.91499999999999,150,14.106666666666667,16.0,150,82.38928666666666,90.0,150,7.453333333333333,8.0,150,86.50438666666666,100.0
indir_juris_tcu,bm25,PTT5_INDIR_83,2,join_30_ptt5_indir,150,66.23606666666666,72.27,150,60.85013333333334,65.94,150,64.20313333333333,68.24000000000001,150,67.21093333333333,71.61,150,14.146666666666667,16.0,150,83.06902,90.4545,150,7.453333333333333,8.0,150,87.20685333333334,100.0
indir_juris_tcu_term,bm25,PTT5_INDIR_83,4,join_30_ptt5_indir,150,62.199066666666674,65.73,150,57.41833333333334,62.519999999999996,150,60.6988,65.97999999999999,150,63.83586666666666,69.42500000000001,150,14.0,16.0,150,82.44951999999999,90.909,150,7.473333333333334,8.0,150,87.63973999999999,100.0
indir_juris_tcu_synonym_related_term,bm25,PTT5_INDIR_83,0,none,150,56.63113333333333,60.345,150,53.60666666666667,55.435,150,57.139733333333325,60.35,150,60.7962,63.89,150,13.76,14.0,150,80.44058666666666,89.4445,150,7.486666666666666,8.0,150,87.46125333333333,100.0
indir_juris_tcu_term,bm25,PTT5_INDIR_83,5,join_30_ptt5_indir,150,60.482866666666666,65.73,150,56.30479999999999,62.239999999999995,150,59.12846666666667,64.08,150,62.349199999999996,68.425,150,13.84,16.0,150,81.33945333333332,90.0,150,7.493333333333333,8.0,150,87.92895333333334,100.0
indir_juris_tcu_term,bm25,PTT5_INDIR_83,6,join_30_ptt5_indir,150,60.52586666666666,65.905,150,56.45066666666667,61.83,150,59.358866666666664,63.995000000000005,150,62.4372,68.23,150,13.96,16.0,150,82.03688666666666,90.0,150,7.506666666666667,8.0,150,87.76161333333333,100.0
indir_juris_tcu_term,bm25,PTT5_INDIR_83,8,join_30_ptt5_indir,150,61.61286666666667,66.125,150,57.22806666666666,62.474999999999994,150,59.97286666666667,65.63,150,62.626333333333335,67.38,150,13.973333333333333,16.0,150,82.12796,90.4545,150,7.513333333333334,8.0,150,87.82728,100.0
indir_juris_tcu_term,bm25,PTT5_INDIR_83,7,join_30_ptt5_indir,150,60.918866666666666,66.08,150,56.8154,60.24,150,59.68846666666667,64.45,150,62.163000000000004,67.22,150,13.893333333333333,16.0,150,81.62532,90.0,150,7.526666666666666,8.0,150,87.90774,100.0
indir_juris_tcu_term,bm25,PTT5_INDIR_83,9,join_30_ptt5_indir,150,61.270399999999995,66.125,150,56.7584,61.34,150,59.42326666666666,65.63,150,62.01493333333333,67.755,150,14.0,16.0,150,82.28482666666667,90.0,150,7.526666666666666,8.0,150,87.98922666666667,100.0
indir_juris_tcu_related_term,bm25,PTT5_INDIR_83,0,none,150,60.798,64.445,150,57.044466666666665,60.97,150,60.29919999999999,61.72,150,63.202400000000004,66.53999999999999,150,14.04,16.0,150,82.02048666666667,90.0,150,7.546666666666667,8.0,150,87.96527999999999,100.0
indir_juris_tcu_term,bm25,PTT5_INDIR_83,3,join_30_ptt5_indir,150,62.675466666666665,68.755,150,57.79613333333334,62.43,150,61.535399999999996,66.095,150,64.04953333333333,69.46000000000001,150,14.0,16.0,150,82.30607333333333,90.909,150,7.546666666666667,8.0,150,88.41251333333334,100.0
indir_juris_tcu_term,bm25,PTT5_INDIR_83,10,join_30_ptt5_indir,150,61.287866666666666,66.08,150,56.7038,61.34,150,59.4806,65.63,150,61.85193333333334,67.535,150,13.986666666666666,16.0,150,82.22422,90.4545,150,7.546666666666667,8.0,150,88.18366666666667,100.0
indir_juris_tcu_term,bm25,PTT5_INDIR_83,2,join_30_ptt5_indir,150,63.58546666666666,71.63499999999999,150,59.3308,64.17,150,62.211666666666666,67.475,150,64.87586666666667,70.03,150,14.16,16.0,150,83.39536,91.28800000000001,150,7.566666666666666,8.0,150,88.72765333333332,100.0
indir_juris_tcu,bm25,PTT5_INDIR_83,1,join_30_ptt5_indir,150,67.61706666666666,72.27,150,62.69133333333334,67.28999999999999,150,66.15973333333334,71.30000000000001,150,69.09526666666667,73.985,150,14.4,16.0,150,84.13395333333334,90.909,150,7.58,8.0,150,88.21206666666666,100.0
indir_juris_tcu_term,bm25,PTT5_INDIR_83,1,join_30_ptt5_indir,150,63.984199999999994,70.66499999999999,150,60.21313333333333,65.155,150,63.68586666666666,69.50999999999999,150,66.1394,70.195,150,14.413333333333334,16.0,150,84.23956666666666,100.0,150,7.753333333333333,8.5,150,90.14658666666666,100.0
indir_juris_tcu_synonym,bm25,PTT5_INDIR_83,0,none,150,61.50153333333333,68.32499999999999,150,58.559133333333335,61.17,150,61.42613333333333,64.87,150,64.6768,68.5,150,14.613333333333333,16.0,150,85.59492,100.0,150,7.78,9.0,150,90.70487333333334,100.0
indir_juris_tcu,bm25,PTT5_INDIR_83,0,none,150,71.63553333333333,76.42,150,67.37726666666667,71.825,150,70.42506666666667,73.005,150,73.01253333333332,76.03,150,15.173333333333334,16.0,150,88.37729333333333,100.0,150,7.833333333333333,9.0,150,91.10758666666668,100.0
indir_juris_tcu_term,bm25,PTT5_INDIR_83,0,none,150,67.47319999999999,72.27,150,64.21213333333333,67.805,150,67.68353333333334,70.985,150,70.26566666666668,74.165,150,15.28,16.0,150,88.86933333333333,100.0,150,7.94,9.0,150,92.17636666666667,100.0
